{
	"coming": [],
	"total": 63,
	"movieList": [
		{
			"id": 1218141,
			"haspromotionTag": false,
			"img": "http://p0.meituan.net/w.h/movie/8d3efdc44af04c3254fc9e4ad5334ae32660685.jpg",
			"version": "",
			"nm": "1扫毒2天地对决",
			"preShow": false,
			"sc": 9,
			"globalReleased": true,
			"wish": 320805,
			"star": "刘德华,古天乐,苗侨伟",
			"rt": "2019-07-05",
			"showInfo": "今天229家影院放映4078场",
			"showst": 3,
			"wishst": 0
		},
		{
			"id": 1198925,
			"haspromotionTag": false,
			"img": "http://p0.meituan.net/w.h/moviemachine/5dac476535359b7bb951ff15d37a9d0b153821.jpg",
			"version": "v3d imax",
			"nm": "1蜘蛛侠：英雄远征",
			"preShow": false,
			"sc": 9.1,
			"globalReleased": true,
			"wish": 502087,
			"star": "汤姆·赫兰德,杰克·吉伦哈尔,塞缪尔·杰克逊",
			"rt": "2019-06-28",
			"showInfo": "今天225家影院放映2716场",
			"showst": 3,
			"wishst": 0
		},
		{
			"id": 1189879,
			"haspromotionTag": false,
			"img": "http://p0.meituan.net/w.h/moviemachine/7b9b0725ab5feae642e1fbba9fbb90fe3702078.jpg",
			"version": "v3d imax",
			"nm": "2狮子王",
			"preShow": false,
			"sc": 0,
			"globalReleased": false,
			"wish": 180013,
			"star": "唐纳德·格洛弗,塞斯·罗根,詹姆斯·厄尔·琼斯",
			"rt": "2019-07-12",
			"showInfo": "今天91家影院放映117场",
			"showst": 4,
			"wishst": 0
		},
		{
			"id": 1213262,
			"haspromotionTag": false,
			"img": "http://p0.meituan.net/w.h/movie/c0bec212d759ad52f22bbb280e551c065000875.jpg",
			"version": "v3d",
			"nm": "2素人特工",
			"preShow": false,
			"sc": 0,
			"globalReleased": false,
			"wish": 52910,
			"star": "王大陆,张榕容,米拉·乔沃维奇",
			"rt": "2019-07-12",
			"showInfo": "2019-07-12 本周五上映",
			"showst": 4,
			"wishst": 0
		},
		{
			"id": 1211345,
			"haspromotionTag": false,
			"img": "http://p0.meituan.net/w.h/moviemachine/350582b51ae828c837ec00bf8aac2a30548615.jpg",
			"version": "v3d",
			"nm": "2爱宠大机密2",
			"preShow": false,
			"sc": 9,
			"globalReleased": true,
			"wish": 104515,
			"star": "帕顿·奥斯瓦尔特,冯绍峰,凯文·哈特",
			"rt": "2019-07-05",
			"showInfo": "今天220家影院放映1229场",
			"showst": 3,
			"wishst": 0
		},
		{
			"id": 1229534,
			"haspromotionTag": false,
			"img": "http://p0.meituan.net/w.h/movie/bb9f75599bfbb2c4cf77ad9abae1b95c1376927.jpg",
			"version": "",
			"nm": "2银河补习班",
			"preShow": true,
			"sc": 0,
			"globalReleased": false,
			"wish": 153461,
			"star": "邓超,白宇,任素汐",
			"rt": "2019-07-18",
			"showInfo": "2019-07-18 下周四上映",
			"showst": 4,
			"wishst": 0
		},
		{
			"id": 414997,
			"haspromotionTag": false,
			"img": "http://p0.meituan.net/w.h/movie/7b40e56e644cd04915e6e9cc09c1bdb1331242.jpg",
			"version": "",
			"nm": "3命运之夜——天之杯II ：迷失之蝶",
			"preShow": false,
			"sc": 0,
			"globalReleased": false,
			"wish": 60483,
			"star": "杉山纪彰,下屋则子,神谷浩史",
			"rt": "2019-07-12",
			"showInfo": "今天4家影院放映4场",
			"showst": 4,
			"wishst": 0
		},
		{
			"id": 1212,
			"haspromotionTag": false,
			"img": "http://p0.meituan.net/w.h/movie/30b20139e68c46d02e0893277d633b701292458.jpg",
			"version": "",
			"nm": "3千与千寻",
			"preShow": false,
			"sc": 9.3,
			"globalReleased": true,
			"wish": 247251,
			"star": "柊瑠美,周冬雨,入野自由",
			"rt": "2019-06-21",
			"showInfo": "今天204家影院放映681场",
			"showst": 3,
			"wishst": 0
		},
		{
			"id": 1230509,
			"haspromotionTag": false,
			"img": "http://p0.meituan.net/w.h/movie/2bd43dce9113181254b2d21aa10929c29845750.jpg",
			"version": "",
			"nm": "3机动战士高达NT",
			"preShow": false,
			"sc": 0,
			"globalReleased": false,
			"wish": 25194,
			"star": "榎木淳弥,村中知,松浦爱弓",
			"rt": "2019-07-12",
			"showInfo": "今天1家影院放映1场",
			"showst": 4,
			"wishst": 0
		},
		{
			"id": 1234461,
			"haspromotionTag": false,
			"img": "http://p0.meituan.net/w.h/movie/e7efe584f3a76d11ef850aff5077ffb03437268.jpg",
			"version": "v3d",
			"nm": "3猪猪侠·不可思议的世界",
			"preShow": false,
			"sc": 7.8,
			"globalReleased": true,
			"wish": 27728,
			"rt": "2019-07-05",
			"showInfo": "今天169家影院放映403场",
			"showst": 3,
			"wishst": 0
		},
		{
			"id": 1211698,
			"haspromotionTag": false,
			"img": "http://p0.meituan.net/w.h/movie/22acf0e8c935d8fb1fb8dc012cffb0fc92536.jpg",
			"version": "",
			"nm": "3碟仙",
			"preShow": false,
			"sc": 8,
			"globalReleased": true,
			"wish": 19452,
			"star": "黄奕,范逸臣,程小夏",
			"rt": "2019-06-21",
			"showInfo": "今天120家影院放映217场",
			"showst": 3,
			"wishst": 0
		},
		{
			"id": 246264,
			"haspromotionTag": false,
			"img": "http://p0.meituan.net/w.h/moviemachine/7857ce32393023f4fee8c3b9dcc0c28f455385.jpg",
			"version": "v3d imax",
			"nm": "4玩具总动员4",
			"preShow": false,
			"sc": 9.1,
			"globalReleased": true,
			"wish": 67728,
			"star": "汤姆·汉克斯,蒂姆·艾伦,安妮·波茨",
			"rt": "2019-06-21",
			"showInfo": "今天78家影院放映162场",
			"showst": 3,
			"wishst": 0
		},
		{
			"id": 246061,
			"haspromotionTag": false,
			"img": "http://p0.meituan.net/w.h/movie/71fba05fbe4912cb70d27b87c3c856393364925.jpg",
			"version": "v3d imax",
			"nm": "4哥斯拉2：怪兽之王",
			"preShow": false,
			"sc": 8.5,
			"globalReleased": true,
			"wish": 325416,
			"star": "凯尔·钱德勒,维拉·法梅加,米莉·波比·布朗",
			"rt": "2019-05-31",
			"showInfo": "今天53家影院放映117场",
			"showst": 3,
			"wishst": 0,
			"comingTitle": "5月31日 周五"
		},
		{
			"id": 1204589,
			"haspromotionTag": false,
			"img": "http://p0.meituan.net/w.h/movie/67044d5479f075a18adba35571cadc4f978021.jpg",
			"version": "",
			"nm": "4绝杀慕尼黑",
			"preShow": false,
			"sc": 9.6,
			"globalReleased": true,
			"wish": 20759,
			"star": "弗拉基米尔·马什科夫,约翰·萨维奇,伊万·科列斯尼科夫",
			"rt": "2019-06-13",
			"showInfo": "今天43家影院放映74场",
			"showst": 3,
			"wishst": 0,
			"comingTitle": "6月13日 周四"
		},
		{
			"id": 1242431,
			"haspromotionTag": false,
			"img": "http://p0.meituan.net/w.h/movie/b6e77d67efdc6ac89a52b956ead366ae5785152.jpg",
			"version": "",
			"nm": "4最好的我们",
			"preShow": false,
			"sc": 8.7,
			"globalReleased": true,
			"wish": 122838,
			"star": "陈飞宇,何蓝逗,惠英红",
			"rt": "2019-06-06",
			"showInfo": "今天35家影院放映67场",
			"showst": 3,
			"wishst": 0,
			"comingTitle": "6月6日 周四"
		},
		{
			"id": 346172,
			"haspromotionTag": false,
			"img": "http://p0.meituan.net/w.h/movie/89c697ccd689f04efa04de649a9fe8ec5732189.jpg",
			"version": "",
			"nm": "4九龙不败",
			"preShow": false,
			"sc": 5.6,
			"globalReleased": true,
			"wish": 59164,
			"star": "张晋,安德森·席尔瓦,郑嘉颖",
			"rt": "2019-07-02",
			"showInfo": "今天36家影院放映59场",
			"showst": 3,
			"wishst": 0,
			"comingTitle": "7月2日 周二"
		},
		{
			"id": 346559,
			"haspromotionTag": false,
			"img": "http://p0.meituan.net/w.h/moviemachine/262f95bad79b6ae45b978593157cb68550938.jpg",
			"version": "v3d imax",
			"nm": "5黑衣人：全球追缉",
			"preShow": false,
			"sc": 7.5,
			"globalReleased": true,
			"wish": 186768,
			"star": "克里斯·海姆斯沃斯,泰莎·汤普森,丽贝卡·弗格森",
			"rt": "2019-06-14",
			"showInfo": "今天26家影院放映54场",
			"showst": 3,
			"wishst": 0,
			"comingTitle": "6月14日 周五"
		},
		{
			"id": 1235560,
			"haspromotionTag": false,
			"img": "http://p0.meituan.net/w.h/movie/a48ac62bd6f10b9bf94aebc2f19d24021727296.jpg",
			"version": "",
			"nm": "6白蛇：缘起",
			"preShow": false,
			"sc": 9.3,
			"globalReleased": true,
			"wish": 65779,
			"star": "张喆,杨天翔,唐小喜",
			"rt": "2019-01-11",
			"showInfo": "今天43家影院放映52场",
			"showst": 3,
			"wishst": 0,
			"comingTitle": "1月11日 周五"
		},
		{
			"id": 1219932,
			"haspromotionTag": false,
			"img": "http://p0.meituan.net/w.h/movie/fda86ef73c1c2768f1af851a14be36233705685.png",
			"version": "v3d",
			"nm": "6未来机器城",
			"preShow": false,
			"sc": 0,
			"globalReleased": false,
			"wish": 96174,
			"star": "冯远征,石班瑜,韩莹棣",
			"rt": "2019-07-19",
			"showInfo": "2019-07-19 下周五上映",
			"showst": 4,
			"wishst": 0,
			"comingTitle": "7月19日 周五"
		},
		{
			"id": 1240752,
			"haspromotionTag": false,
			"img": "http://p1.meituan.net/w.h/moviemachine/0e52c4bb21353806f954c626bdf9a20d1844818.jpg",
			"version": "",
			"nm": "6小Q",
			"preShow": true,
			"sc": 0,
			"globalReleased": false,
			"wish": 30540,
			"star": "任达华,梁咏琪,罗仲谦",
			"rt": "2019-07-25",
			"showInfo": "2019-07-25上映",
			"showst": 4,
			"wishst": 0,
			"comingTitle": "7月25日 周四"
		},
		{
			"id": 1203673,
			"haspromotionTag": false,
			"img": "http://p0.meituan.net/w.h/movie/03b6254e94e18c99c6b080f2fecada2414201605.jpg",
			"version": "",
			"nm": "7游戏人生 零",
			"preShow": false,
			"sc": 0,
			"globalReleased": false,
			"wish": 17593,
			"star": "松冈祯丞,茅野爱衣,日笠阳子",
			"rt": "2019-07-19",
			"showInfo": "2019-07-19 下周五上映",
			"showst": 4,
			"wishst": 0,
			"comingTitle": "7月19日 周五"
		},
		{
			"id": 1211270,
			"haspromotionTag": false,
			"img": "http://p0.meituan.net/w.h/movie/005955214d5b3e50c910d7a511b0cb571445301.jpg",
			"version": "v3d imax",
			"nm": "8哪吒之魔童降世",
			"preShow": true,
			"sc": 0,
			"globalReleased": false,
			"wish": 33971,
			"rt": "2019-07-26",
			"showInfo": "2019-07-26上映",
			"showst": 4,
			"wishst": 0,
			"comingTitle": "7月26日 周五"
		}
	]
}