{
  "swiper": [
    {
      "id": 0,
      "img": "1.png"
    },
    {
      "id": 0,
      "img": "1.png"
    },
    {
      "id": 0,
      "img": "1.png"
    }
  ],
  "floor": {
    "left": [
      "tab1",
      "tab2",
      "tab3"
    ],
    "right":[
      {
        "type": "tab1",
        "content": [
          {
            "city": "北京"
          },
          {
            "city": "北京"
          },
          {
            "city": "北京"
          },
          {
            "city": "北京"
          },
          {
            "city": "北京"
          },
          {
            "city": "北京"
          },
          {
            "city": "北京"
          },
          {
            "city": "北京"
          },
          {
            "city": "北京"
          },
          {
            "city": "北京"
          },
          {
            "city": "北京"
          },
          {
            "city": "北京"
          }
        ]
      },
      {
        "type": "tab2",
        "content": [
          {
            "city": "上海"
          },
          {
            "city": "上海"
          },
          {
            "city": "上海"
          },
          {
            "city": "上海"
          },
          {
            "city": "上海"
          },
          {
            "city": "上海"
          },
          {
            "city": "上海"
          },
          {
            "city": "上海"
          },
          {
            "city": "上海"
          },
          {
            "city": "上海"
          }
        ]
      },
      {
        "type": "tab3",
        "content": [
          {
            "city": "上海"
          },
          {
            "city": "上海"
          },
          {
            "city": "上海"
          },
          {
            "city": "上海"
          },
          {
            "city": "上海"
          },
          {
            "city": "上海"
          },
          {
            "city": "上海"
          },
          {
            "city": "上海"
          },
          {
            "city": "上海"
          },
          {
            "city": "上海"
          }
        ]
      }
    ]
  }
}