{
	"coming": [],
	"total": 63,
	"movieList": [
    {
		"id": 1218141,
		"haspromotionTag": false,
		"img": "http://p0.meituan.net/w.h/movie/8d3efdc44af04c3254fc9e4ad5334ae32660685.jpg",
		"version": "",
		"nm": "扫毒2天地对决",
		"preShow": false,
		"sc": 9,
		"globalReleased": true,
		"wish": 320805,
		"star": "刘德华,古天乐,苗侨伟",
		"rt": "2019-07-05",
		"showInfo": "今天229家影院放映4078场",
		"showst": 3,
		"wishst": 0
	}, {
		"id": 1198925,
		"haspromotionTag": false,
		"img": "http://p0.meituan.net/w.h/moviemachine/5dac476535359b7bb951ff15d37a9d0b153821.jpg",
		"version": "v3d imax",
		"nm": "蜘蛛侠：英雄远征",
		"preShow": false,
		"sc": 9.1,
		"globalReleased": true,
		"wish": 502087,
		"star": "汤姆·赫兰德,杰克·吉伦哈尔,塞缪尔·杰克逊",
		"rt": "2019-06-28",
		"showInfo": "今天225家影院放映2716场",
		"showst": 3,
		"wishst": 0
	}, {
		"id": 1189879,
		"haspromotionTag": false,
		"img": "http://p0.meituan.net/w.h/moviemachine/7b9b0725ab5feae642e1fbba9fbb90fe3702078.jpg",
		"version": "v3d imax",
		"nm": "狮子王",
		"preShow": false,
		"sc": 0,
		"globalReleased": false,
		"wish": 180013,
		"star": "唐纳德·格洛弗,塞斯·罗根,詹姆斯·厄尔·琼斯",
		"rt": "2019-07-12",
		"showInfo": "今天91家影院放映117场",
		"showst": 4,
		"wishst": 0
	}, {
		"id": 1213262,
		"haspromotionTag": false,
		"img": "http://p0.meituan.net/w.h/movie/c0bec212d759ad52f22bbb280e551c065000875.jpg",
		"version": "v3d",
		"nm": "素人特工",
		"preShow": false,
		"sc": 0,
		"globalReleased": false,
		"wish": 52910,
		"star": "王大陆,张榕容,米拉·乔沃维奇",
		"rt": "2019-07-12",
		"showInfo": "2019-07-12 本周五上映",
		"showst": 4,
		"wishst": 0
	}, {
		"id": 1211345,
		"haspromotionTag": false,
		"img": "http://p0.meituan.net/w.h/moviemachine/350582b51ae828c837ec00bf8aac2a30548615.jpg",
		"version": "v3d",
		"nm": "爱宠大机密2",
		"preShow": false,
		"sc": 9,
		"globalReleased": true,
		"wish": 104515,
		"star": "帕顿·奥斯瓦尔特,冯绍峰,凯文·哈特",
		"rt": "2019-07-05",
		"showInfo": "今天220家影院放映1229场",
		"showst": 3,
		"wishst": 0
	}, {
		"id": 1229534,
		"haspromotionTag": false,
		"img": "http://p0.meituan.net/w.h/movie/bb9f75599bfbb2c4cf77ad9abae1b95c1376927.jpg",
		"version": "",
		"nm": "银河补习班",
		"preShow": true,
		"sc": 0,
		"globalReleased": false,
		"wish": 153461,
		"star": "邓超,白宇,任素汐",
		"rt": "2019-07-18",
		"showInfo": "2019-07-18 下周四上映",
		"showst": 4,
		"wishst": 0
	}, {
		"id": 414997,
		"haspromotionTag": false,
		"img": "http://p0.meituan.net/w.h/movie/7b40e56e644cd04915e6e9cc09c1bdb1331242.jpg",
		"version": "",
		"nm": "命运之夜——天之杯II ：迷失之蝶",
		"preShow": false,
		"sc": 0,
		"globalReleased": false,
		"wish": 60483,
		"star": "杉山纪彰,下屋则子,神谷浩史",
		"rt": "2019-07-12",
		"showInfo": "今天4家影院放映4场",
		"showst": 4,
		"wishst": 0
	}, {
		"id": 1212,
		"haspromotionTag": false,
		"img": "http://p0.meituan.net/w.h/movie/30b20139e68c46d02e0893277d633b701292458.jpg",
		"version": "",
		"nm": "千与千寻",
		"preShow": false,
		"sc": 9.3,
		"globalReleased": true,
		"wish": 247251,
		"star": "柊瑠美,周冬雨,入野自由",
		"rt": "2019-06-21",
		"showInfo": "今天204家影院放映681场",
		"showst": 3,
		"wishst": 0
	}, {
		"id": 1230509,
		"haspromotionTag": false,
		"img": "http://p0.meituan.net/w.h/movie/2bd43dce9113181254b2d21aa10929c29845750.jpg",
		"version": "",
		"nm": "机动战士高达NT",
		"preShow": false,
		"sc": 0,
		"globalReleased": false,
		"wish": 25194,
		"star": "榎木淳弥,村中知,松浦爱弓",
		"rt": "2019-07-12",
		"showInfo": "今天1家影院放映1场",
		"showst": 4,
		"wishst": 0
	}, {
		"id": 1234461,
		"haspromotionTag": false,
		"img": "http://p0.meituan.net/w.h/movie/e7efe584f3a76d11ef850aff5077ffb03437268.jpg",
		"version": "v3d",
		"nm": "猪猪侠·不可思议的世界",
		"preShow": false,
		"sc": 7.8,
		"globalReleased": true,
		"wish": 27728,
		"rt": "2019-07-05",
		"showInfo": "今天169家影院放映403场",
		"showst": 3,
		"wishst": 0
	}, {
		"id": 1211698,
		"haspromotionTag": false,
		"img": "http://p0.meituan.net/w.h/movie/22acf0e8c935d8fb1fb8dc012cffb0fc92536.jpg",
		"version": "",
		"nm": "碟仙",
		"preShow": false,
		"sc": 8,
		"globalReleased": true,
		"wish": 19452,
		"star": "黄奕,范逸臣,程小夏",
		"rt": "2019-06-21",
		"showInfo": "今天120家影院放映217场",
		"showst": 3,
		"wishst": 0
	}, {
		"id": 246264,
		"haspromotionTag": false,
		"img": "http://p0.meituan.net/w.h/moviemachine/7857ce32393023f4fee8c3b9dcc0c28f455385.jpg",
		"version": "v3d imax",
		"nm": "玩具总动员4",
		"preShow": false,
		"sc": 9.1,
		"globalReleased": true,
		"wish": 67728,
		"star": "汤姆·汉克斯,蒂姆·艾伦,安妮·波茨",
		"rt": "2019-06-21",
		"showInfo": "今天78家影院放映162场",
		"showst": 3,
		"wishst": 0
	}]
}